Dataset,N,D,K,UniqueN,K1,PPSOriginal,LandmarksUsed,CompressionRatio,CompressionActive,GBCore,RNNFill,GBAlpha,GBMinBallSize,RootGain,Tau,AcceptedSplits,RejectedSplits,SizeGuardForcedAccepts,MaxFinalBallSize,ACC,NMI,ARI,MinMaxTime,UniqueTime,GraphPPSTime,CompressionTime,SUDETime,KMeansTime,TotalTime,OriginalACC,OriginalNMI,OriginalARI,OriginalSUDETime,OriginalKMeansTime,OriginalMethodTime,GBMethodTime,Speedup,ReplayMode,Note,Status
Kuzushiji-49,270912,784,49,270812,50,33949,8327,0.245279684232231,1,5336,2991,0.2,3,0.0790058445398596,0.0158011689079719,5335.0,2281.0,0.0,49.0,0.512694158988897,0.577789740370135,0.375701421602418,8.4487557,5.9191822,1319.87986,21.5596797,592.1271842,28.8255243,1976.7601861,,,,,,,642.5123882,,chunked-memory-safe,MAT source | X=X | y=Y,OK
EMNIST Balanced,131600,784,47,131598,50,13964,5805,0.415711830421083,1,2513,3292,0.2,3,0.0730056486228988,0.0146011297245798,2512.0,892.0,0.0,35.0,0.458313069908815,0.56850244856652,0.317924955961941,0.3229999,1.2648735,105.4377956,5.6922375,264.0350553,15.7364914,392.4894532,,,,,,,285.4637842,,chunked-memory-safe,MAT source | X=X | y=Y,OK
MNIST,70000,784,10,70000,50,7169,4234,0.590598409820059,1,1271,2963,0.2,3,0.080320677295362,0.0160641354590724,1270.0,464.0,0.0,25.0,0.860028571428571,0.8179511802389,0.788555981683894,0.1954847,0.8750603,34.4969581,2.5719666,156.6930318,1.5337732,196.3662747,,,,,,,160.7987716,,chunked-memory-safe,MAT source | X=X | y=Y,OK
Fashion-MNIST,70000,784,10,70000,50,8302,4234,0.509997590941942,1,1241,2993,0.2,3,0.246196296332169,0.0492392592664338,1240.0,546.0,0.0,57.0,0.617314285714286,0.637852142502654,0.478790892743828,0.1843528,0.584158,45.2577546,3.0597309,182.5983728,1.6098772,233.2942463,,,,,,,187.2679809,,chunked-memory-safe,MAT source | X=X | y=Y,OK
CIFAR10-ResNet50,60000,2048,10,60000,50,12859,3920,0.304844855743059,1,1819,2101,0.2,3,0.0656258843449315,0.0131251768689863,1818.0,855.0,0.0,41.0,0.6681,0.590935196160965,0.496061468372403,0.5165282,0.3987543,277.5820012,40.7314388,251.3798546,1.5934797,572.2020568,,,,,,,293.7047731,,chunked-memory-safe,MAT source | X=X | y=Y,OK
PaviaU,42776,103,9,42776,50,4140,3310,0.79951690821256,1,651,2659,0.2,3,0.357957753621035,0.071591550724207,650.0,242.0,0.0,198.0,0.475172994202356,0.551515668503516,0.283499155924685,0.0143446,0.0164934,9.3618325,0.7078125,45.2931961,0.5596417,55.9533208,,,,,,,46.5606503,,chunked-memory-safe,MAT source | X=X | y=Y,OK
UCI HAR,10299,561,6,10299,20,1934,1624,0.83971044467425,1,202,1422,0.2,3,0.629027097054959,0.125805419410992,201.0,96.0,42.0,43.0,0.845033498397903,0.775213438024045,0.711410029739902,0.0180111,0.0132917,0.7988581,0.2112563,14.7792964,0.0908022,15.9115158,,,,,,,15.0813549,,chunked-memory-safe,MAT source | X=X | y=Y,OK
USPS,9298,256,10,9298,10,2691,1543,0.573392790784095,1,448,1095,0.2,3,0.177639719828778,0.0355279439657555,447.0,163.0,0.0,59.0,0.787158528715853,0.834005452572442,0.753843321833582,0.0068302,0.0057289,0.7422138,0.5198243,8.2923633,0.0981669,9.6651274,,,,,,,8.9103545,,chunked-memory-safe,MAT source | X=X | y=Y,OK
ISOLET,7797,617,26,7797,10,2238,1413,0.631367292225201,1,407,1006,0.2,3,0.235393784739511,0.0470787569479022,406.0,153.0,0.0,20.0,0.567782480441195,0.750239079385727,0.52908651611271,0.0148834,0.012162,0.7920835,0.3965574,11.5438136,0.241521,13.0010209,,,,,,,12.181892,,chunked-memory-safe,MAT source | X=X | y=Y,OK
Gisette,6000,5000,2,6000,10,1940,1240,0.639175257731959,1,312,928,0.2,3,0.0443809832020672,0.0088761966404134,311.0,120.0,0.0,47.0,0.891333333333333,0.510124966167583,0.612502804562406,0.0978829,0.0599664,24.9473214,8.6472159,68.8388076,0.0276255,102.6188197,,,,,,,77.513649,,chunked-memory-safe,CSV source,OK
COIL20,1440,1024,20,1440,0,1440,1440,1.0,0,1440,0,0.2,3,,,,,,,0.735416666666667,0.838355729667506,0.67105913235869,0.0041152,0.0043322,0.0008644,0.0001561,3.4796845,0.0549861,3.5441385,,,,,,,3.5348267,,chunked-memory-safe,CSV source,OK
ORL,400,1024,40,400,0,400,400,1.0,0,400,0,0.2,3,,,,,,,0.58,0.773658571746655,0.424308909790648,0.0008467,0.0016271,0.0001895,6.23e-05,0.2979021,0.0910583,0.391686,,,,,,,0.3890227,,chunked-memory-safe,CSV source,OK
